sequence_id,sequence,real_label,pred_prob,pred_label
Positive_0,IGLRLPNMLKF,1,0.9472528696060181,1
Positive_1,LRSPKMMHKSGCFGRRLDRIGSLSGLGCNVLRKY,1,0.9510762691497803,1
Positive_2,SADYLDVSQ,1,0.8766502141952515,1
Positive_3,HPVVQSAEMSFGRPVVVEEEQALNPEELSFSEQAYLSHDAAGFGYPSLISGDISSDGLRTAGFVPSQAVKEALLEKPLWSRFLGS,1,0.9495559334754944,1
Positive_4,GLYSSERTEEEVEISHGMHHRE,1,0.8123963475227356,1
Positive_5,ELEGERPLGLEQVLESDAEKDDGPYRVEHFRWSNPPKDKRYGGFMTSEKSQTPLVTLFKNAIIKNAHKKGQ,1,0.9481650590896606,1
Positive_6,SPTISITAPIDVLRKTWAKENMRKQMQINREYLKNLQ,1,0.10203814506530762,0
Positive_7,SQEPPISLDLTFHLLREVLEMTKADQLAQQAHNNRKLLDIA,1,0.9468098282814026,1
Positive_8,NFDEIDRSSFGFN,1,0.9470816254615784,1
Positive_9,DSRWNGYSKD,1,0.9472475051879883,1
Positive_10,QLAFRPML,1,0.9467671513557434,1
Positive_11,AKFDKFYGLM,1,0.9485239386558533,1
Positive_12,STPEILDTLVSELLLKETSDTLPQSRYDPSLW,1,0.9484227895736694,1
Positive_13,YYEAPPDGQRLLLQAAPAAAPAAASWPHQQRRQAIDEFAAAAAAAADAQYQDEEEDGARRV,1,0.9504943490028381,1
Positive_14,GSSGLISMTRV,1,0.9409846663475037,1
Positive_15,SLRLRLPAAAWLAAGDVGNGKGDFTPRL,1,0.9483340382575989,1
Positive_16,KSSLQAQMMSKYNPANLKSSLSNDNTQEESKM,1,0.952365517616272,1
Positive_17,FSVVPRNDRFFLSSRY,1,0.9491018056869507,1
Positive_18,VEDVDRNLLELNLPYGRGLDSELQLARLMLAAPRFCHPKRNSELINSLLGLPKNMHNAGK,1,0.9494225978851318,1
Positive_19,CYISNCPIG,1,0.9483508467674255,1
Positive_20,SHPEPAMWFGPRI,1,0.9477518796920776,1
Positive_21,KPNPERFYAPM,1,0.9462510347366333,1
Positive_22,DDPDAAMLPGDWDEE,1,0.9386041760444641,1
Positive_23,EDVSAGEDCGPLPEGGPEPRSDGAKPGPRE,1,0.08782076090574265,0
Positive_24,DEPKPDQFVGLM,1,0.9491300582885742,1
Positive_25,PWNYPSYTYPEEMY,1,0.9306713342666626,1
Positive_26,DETIEIIVENKVKELLANPANYPSTVTKTLSCTSVKTMNRWASCPAGMTATGCACGFACGSWEIQSGDTCNCLCLLVDWTTARCCQLS,1,0.9416387677192688,1
Positive_27,FHYGLTKPEESSSNPGAD,1,0.7646228075027466,1
Positive_28,HPVTDTADMTYSGPDSVEEAGGVSPDDFAVSDLNDLLQRAAVVEYSPLLSRENIKVPGQIPKEALRELLLEKPYRLIPPSGLWGS,1,0.949149489402771,1
Positive_29,NPGDAKVYRNDKEQSSLGLLDVLRESPLVVVAVNEASKQHNFTPRL,1,0.9456207156181335,1
Positive_30,TDPLWSSFNENALLEE,1,0.9009574055671692,1
Positive_31,AFHAMR,1,0.9482748508453369,1
Positive_32,QSWPGP,1,0.9467448592185974,1
Positive_33,SVASLARAGALLPGT,1,0.948577880859375,1
Positive_34,GSGEDLSYGDAYEVDEDDHPLFVPRL,1,0.9479456543922424,1
Positive_35,EXLXRPRN,1,0.9470704197883606,1
Positive_36,VPSASGFHGMR,1,0.9478710889816284,1
Positive_37,GVMDFQIGLQ,1,0.6018301844596863,1
Positive_38,PKQRSALFQSIFNLNHGPQYKDDPFIPPR,1,0.9269251823425293,1
Positive_39,IILDALEELD,1,0.7549934387207031,1
Positive_40,GGARAFYDE,1,0.9475935697555542,1
Positive_41,NPVYNAMSNADLMDFKNLLDHLEDRMPFED,1,0.9496159553527832,1
Positive_42,CLITNCPRL,1,0.9475584626197815,1
Positive_43,IPSAGFHGMR,1,0.9490991234779358,1
Positive_44,STIFDRMGRFY,1,0.9495208859443665,1
Positive_45,SADPYRFMSVPT,1,0.9466843605041504,1
Positive_46,SNAFDRNFMNF,1,0.9486228227615356,1
Positive_47,SVAALAAQGLLNHNH,1,0.9489227533340454,1
Positive_48,PPPFVDYEPR,1,0.9446719884872437,1
Positive_49,FYAPFSPRL,1,0.9473554491996765,1
Positive_50,GGLIAYPRL,1,0.9485200643539429,1
Positive_51,SYFVDDTNPQVLQ,1,0.947614312171936,1
Positive_52,SNRSPSXRXRF,1,0.9447472095489502,1
Positive_53,ARGPQLRLRF,1,0.9446219801902771,1
Positive_54,HVATLLRQA,1,0.9434033036231995,1
Positive_55,FILQDLPLERFE,1,0.9476537108421326,1
Positive_56,NQPEPGTWFGARI,1,0.9489604234695435,1
Positive_57,GADFAFSPRL,1,0.9468702077865601,1
Positive_58,NLATMARLGMLGNRYPT,1,0.9479362368583679,1
Positive_59,GGLYDLESGVRELQ,1,0.7078871130943298,1
Positive_60,GSPGLIPFGRS,1,0.9468919038772583,1
Positive_61,NFDEIDRSDFA,1,0.9478487372398376,1
Positive_62,SPADSFPETSQYPK,1,0.949524462223053,1
Positive_63,LTGKTSMFNHI,1,0.6459177136421204,1
Positive_64,GAAPAAQFSPRL,1,0.9458645582199097,1
Positive_65,FGYGGG,1,0.9449295401573181,1
Positive_66,SEDRNTGNSLRDSSSFFPARY,1,0.9479950070381165,1
Positive_67,SGFYSDRY,1,0.9479129910469055,1
Positive_68,SANPALAPRERKAGCKNFFWKTFTSC,1,0.9510418772697449,1
Positive_69,GDDITNEELAYDDNLATSEYLRDDNNDYLPEELTEDVTEMSSPEMLSESAAALVGKNSVSFIPRL,1,0.948150634765625,1
Positive_70,GDFAFSPRL,1,0.9458354711532593,1
Positive_71,GAAKGCFGLKVDRIGTMSGLGC,1,0.951839029788971,1
Positive_72,SVSQLNQYAGFDTLGGMGLG,1,0.9493659734725952,1
Positive_73,VRGYQMGQRGLL,1,0.9459142684936523,1
Positive_74,GFWANSAPTRYDN,1,0.9375728964805603,1
Positive_75,FDEIDRSSFA,1,0.9424679279327393,1
Positive_76,WCLESSQCQDLTTESNLLACIRACKLDLSLETPVFPGNGDEQPLTENPRKYVMGHFRWDRFGPRNSSSAGSAAQ,1,0.9485412836074829,1
Positive_77,VDCERNPYDRSCRGAQI,1,0.06003683805465698,0
Positive_78,APAMGFQGVR,1,0.9485109448432922,1
Positive_79,NIDEIDRVGWNGFV,1,0.9477533102035522,1
Positive_80,GAEDALGGHQGALERE,1,0.5358477234840393,1
Positive_81,SHQQESTNNDEDMS,1,0.8906651139259338,1
Positive_82,SIANLAKNGQLPTFQKTDDEQT,1,0.9484567642211914,1
Positive_83,DPVMSRL,1,0.9476218223571777,1
Positive_84,PGLVAFPRM,1,0.9467636346817017,1
Positive_85,RLHQNGMPFSPRL,1,0.9460977911949158,1
Positive_86,QKKDRFLGLF,1,0.949333906173706,1
Positive_87,SPENDLSSFY,1,0.9472475051879883,1
Positive_88,DYRPLQFG,1,0.9473636746406555,1
Positive_89,IIFTPKL,1,0.9466599822044373,1
Positive_90,ARMGFHGMR,1,0.9487941861152649,1
Positive_91,DSVPYEAQMISYPSADFKS,1,0.924980640411377,1
Positive_92,IYLPLFASRL,1,0.9493318796157837,1
Positive_93,APAGFLGMR,1,0.9489683508872986,1
Positive_94,APLADDTAHQVDE,1,0.7868433594703674,1
Positive_95,CYIQNCPVG,1,0.9488959908485413,1
Positive_96,ELHVNKARRPYIL,1,0.948364794254303,1
Positive_97,NSELINSLLGAPRVLNNA,1,0.9487341642379761,1
Positive_98,SSADTLISDLLIGETESRPQTRYEDHLAW,1,0.9496603012084961,1
Positive_99,MFLEAIPMSIPPEVKFNKPFVFLMIEQNTKSPLFMGKVVNPTQK,1,0.8190942406654358,1
Positive_100,NVAALARDSSLPY,1,0.9482433199882507,1
Positive_101,AHNIDTRALNQFKNCYFSPIQCVLMERR,1,0.9490607976913452,1
Positive_102,AGALGESGASLSIVNSLDVLRNRLLLEIARKKAKEGANRNRQILLSL,1,0.9515126943588257,1
Positive_103,FDAFTTGFGHN,1,0.9492148160934448,1
Positive_104,NVGSLARNFNFPSY,1,0.94709712266922,1
Positive_105,DVSHQHY,1,0.9438588619232178,1
Positive_106,SENKEDANTMSATWFGPRY,1,0.9479542374610901,1
Positive_107,LPIEDKDGLDIEDQE,1,0.7087867856025696,1
Positive_108,YVAALLKEASSPAKINI,1,0.06106676161289215,0
Positive_109,QDLKYQEREMVAELAQQIYRVAQAPWAGAVGPHKRNSELINSILGLPKVMNDA,1,0.9493863582611084,1
Positive_110,QSRDFSISEREIVASLAKQLLRVARMGYVPEGDLPR,1,0.9486486911773682,1
Positive_111,NTGDKFYGLM,1,0.9474372267723083,1
Positive_112,APAAMGFQGMR,1,0.9485465288162231,1
Positive_113,MPRVRSLFQRQKRTEPGLEEVGEIEQKQLQ,1,0.04624404385685921,0
Positive_114,RVPWTPSPRL,1,0.9436430335044861,1
Positive_115,EAMPPQVLSEQNEEVGAPLSPLLEVPPWTGEVNPAQR,1,0.9542115330696106,1
Positive_116,GDNKPPKKGPPNGCFGHKIDRIGSHSGLGCNKVDDNKG,1,0.9444734454154968,1
Positive_117,SGNHAEVTLRNDRFFLGSRY,1,0.9438037276268005,1
Positive_118,QGLPPGPPIPP,1,0.9467244148254395,1
Positive_119,SEEPPMSDLTFHMLRNMHRAKMEGEREQALNRNLLDEV,1,0.9491021633148193,1
Positive_120,GGRLPNYAGPPRMPWLIHN,1,0.9421233534812927,1
Positive_121,SGSKIGNGCFGLPLDRISNTSGMGCRNPIQNRPKS,1,0.9495338201522827,1
Positive_122,QGRPRSEVPP,1,0.9473232626914978,1
Positive_123,GPSMGFHGMR,1,0.94759601354599,1
Positive_124,QYDGRGSDMVEGPRVERMHPETSGGCVGAHCLTQNSEGPVGAMWFGPRL,1,0.9479220509529114,1
Positive_125,SSPETMLSDVWWRENTENIPRSRFEDPPMW,1,0.9481649994850159,1
Positive_126,FPVDEEFQSPFGSRSRGYFLFRPRN,1,0.9496250748634338,1
Positive_127,QSHISKARRPYIL,1,0.9354979991912842,1
Positive_128,AGDTSSEAKGMWFGPRL,1,0.9480370283126831,1
Positive_129,NTQGQGGYTPRL,1,0.9464236497879028,1
Positive_130,SPISSVGLFPFLRA,1,0.6811180114746094,1
Positive_131,TNLKRLVILSARGFG,1,0.9273846745491028,1
Positive_132,AAERSPSLRLRF,1,0.948318362236023,1
Positive_133,FGNSNMDPLMYSMIG,1,0.9473729133605957,1
Positive_134,DTGKQQAYNTDIFSRSSQREAT,1,0.9321260452270508,1
Positive_135,RDARKIRLDSRM,1,0.06059352308511734,0
Positive_136,DEEHDTSEGNWLGSGPDPLDYADEEADSSYAEN,1,0.95525062084198,1
Positive_137,SVAKPQTHESLEFIPRL,1,0.9489545226097107,1
Positive_138,YGGFMRGY,1,0.9471288919448853,1
Positive_139,SIPEPGTLFGPRI,1,0.9472519755363464,1
Positive_140,QKKDKDRFYGLM,1,0.9474442601203918,1
Positive_141,RPEMDSLGFHGDTFHNGFGDFWPM,1,0.9484956860542297,1
Positive_142,HISPSYDVEIDAGNMRNLLDIG,1,0.9459670782089233,1
Positive_143,EGQWGGFTKD,1,0.8899433016777039,1
Positive_144,YGGFIGVRKSARKWNNQ,1,0.9443942308425903,1
Positive_145,WCLESSQCQDLTTERHLLECLRACKPDLSAETPVFPGGADEQTPTESPRKYVTGHFRWGRFGRGNSSGASQ,1,0.9485995173454285,1
Positive_146,NVASLARAYNFPVGSTAGF,1,0.9472604393959045,1
Positive_147,SGLDSLSGATFGGNR,1,0.9478124976158142,1
Positive_148,NAKLYPMPRV,1,0.9477812647819519,1
Positive_149,NIQALARDGYRVGRGQYNPSND,1,0.9480682015419006,1
Positive_150,TPASGFFGMR,1,0.9485759139060974,1
Positive_151,AVYNRLSQLPQ,1,0.7135915160179138,1
Positive_152,TTAQEITSGMWFGPRL,1,0.9484156966209412,1
Positive_153,KIPYIL,1,0.9471435546875,1
Positive_154,APKQMVRF,1,0.9473314881324768,1
Positive_155,AAGLFQFPRV,1,0.9483153820037842,1
Positive_156,SVILTSILLQERRYDRMS,1,0.06084972620010376,0
Positive_157,MRYFLGKRTRYFL,1,0.04452769458293915,0
Positive_158,RANELFG,1,0.9481600522994995,1
Positive_159,VPNGFLGVR,1,0.9484402537345886,1
Positive_160,EAAGLLAFPRT,1,0.9476304650306702,1
Positive_161,KMHGEKFLGMR,1,0.9317343831062317,1
Positive_162,GLLYWIVKNSWGSQWGENGYFLIERGKNMCGLAACASYPIPQV,1,0.953029215335846,1
Positive_163,ELSLELDYPEIDLDEDIEDNEVESALTKKNGNYRMHHFRWGSPPKDKRYGGFMTPERSQTPLMTLFKNAIIKNSHKKGQ,1,0.9484289884567261,1
Positive_164,KFVAPEVNREAVETLKDNEGIELPDERDEDVLRLASGFARNNPEEL,1,0.9498663544654846,1
Positive_165,CYFQNCPKG,1,0.9472524523735046,1
Positive_166,NLEALARSGYLKPALDDDMENDDL,1,0.9480800032615662,1
Positive_167,LEGSFLGGSEAGERLLQQGLAQVEAGRRQAEATR,1,0.9502689838409424,1
Positive_168,SGRSGTAQHQAGAEPALWAALLDPRLAVLPAPAGADDADVDGAAGSGRGRVSTRSFLRL,1,0.9483700394630432,1
Positive_169,GPEKWANFHGSW,1,0.9488352537155151,1
Positive_170,GLGFGMDRGFSGQQAAKHLMGLHAATWAGGP,1,0.9493467211723328,1
Positive_171,NGMDEIDRSSFSGFFKKKNFDEIDRSGFDSFV,1,0.9481008648872375,1
Positive_172,EDSGDGWPQQPFVPRL,1,0.9469863772392273,1
Positive_173,WREMSVW,1,0.9452908039093018,1
Positive_174,QCWDSSHCKDLPSEDKILECIHLFRSGLQDESPEPRSAAQQSTEESLSLGILLAALTSGERALDADPEPHSD,1,0.9492757320404053,1
Positive_175,SPDDLNHLLQL,1,0.9485512971878052,1
Positive_176,DLTLPARPSGYYALSQYRHQAAPATDDDIAF,1,0.8983404636383057,1
Positive_177,GGFMRF,1,0.946427583694458,1
Positive_178,YGGFMRNY,1,0.9472967386245728,1
Positive_179,YLFKACMSCSFGQCVGPRICCGPRGCEMGTAEANRCIEEDEDPIPCQVVGQHCDLNNPGNIHGNCVANGICCVDDTCTIHTGCL,1,0.9508419036865234,1
Positive_180,GPTSECFWKYCV,1,0.9491993188858032,1
Positive_181,QITQFTPRL,1,0.945734441280365,1
Positive_182,RAPSLGFQGMRG,1,0.9490529894828796,1
Positive_183,FVHPFHVFQKLDLPEEE,1,0.9350169897079468,1
Positive_184,QKKDKKDRFPNGLV,1,0.9474163055419922,1
Positive_185,YAPVVSVHPVVPAYPAAKVKTSVVVPAPYVVPVYHPAPVVVKPVVHSVPVVAAHPVYYH,1,0.04824167117476463,0
Positive_186,SFDRMGGTEFGLM,1,0.9490565061569214,1
Positive_187,SDPKIGNGCFGFPIDRIGSVSGLGCNRLVQNPPKP,1,0.9506545662879944,1
Positive_188,ASERSALLKSKLRALLTAPR,1,0.9494028091430664,1
Positive_189,YILDYDVPERQT,1,0.705703854560852,1
Positive_190,NPVYGSVSNADLMDFKNLLDHLEDKMPLED,1,0.9504903554916382,1
Positive_191,FLGVPPAAADY,1,0.9344787001609802,1
Positive_192,GPPYQPLVPR,1,0.9471633434295654,1
Positive_193,SIEPPNNLPPRERKAGCKNFYWKGFTSC,1,0.9525609612464905,1
Positive_194,NSQPDTPADVVEENTPSFGVL,1,0.9505382180213928,1
Positive_195,TRSAWPLSAGAGSGLAGDHLSDISEPEPELDSR,1,0.9560757875442505,1
Positive_196,RAGGCMAFGHSCFGGH,1,0.9499909281730652,1
Positive_197,TLQPPSALRRRHYHHALPPSRHYPGREAQARRAQEEAEAEERRLQEQEELENYIEHVLLRRP,1,0.9489502310752869,1
Positive_198,IEESDENWLESPVYPGARNPVHMAQFSHDYSGHPAPYGATGTGGYIEAKSYEPQQQIFAT,1,0.9531128406524658,1
Positive_199,SRSVESVERPLMVSVSESSGKNGRY,1,0.948564350605011,1
Positive_200,VQNLATFKTMMRY,1,0.8994099497795105,1
Positive_201,AHPQLNVGEHGREVPYYSKPTAI,1,0.8487784266471863,1
Positive_202,EEMLSVKGDGKVVQ,1,0.06659837812185287,0
Positive_203,SKYHQFYGLM,1,0.947462797164917,1
Positive_204,NFDEIDRSGVPGFA,1,0.9482090473175049,1
Positive_205,YVGALARGGALPFARQL,1,0.9490816593170166,1
Positive_206,APACVGFQGMR,1,0.05532696098089218,0
Positive_207,TSQDITSGMWFGPRL,1,0.9471151232719421,1
Positive_208,KPRPGQFFGLM,1,0.9489669799804688,1
Positive_209,YLASLVRSHGLPYPLTKKEDDGPGEI,1,0.9486507177352905,1
Positive_210,ALDGLDGSGFGFD,1,0.9480254650115967,1
Positive_211,FSEFLKQYLGMSPR,1,0.9124446511268616,1
Positive_212,APVNSFVGMR,1,0.9485805630683899,1
Positive_213,NDFSRDIMSF,1,0.9474901556968689,1
Positive_214,QTGRHSTDIRTLGKGQSEDPFWPV,1,0.6069462895393372,1
Positive_215,SSAPVHYFEDSIAQEAGPSME,1,0.9513260722160339,1
Positive_216,AFSSWG,1,0.9478728175163269,1
Positive_217,AFAAGWNRG,1,0.9480084180831909,1
Positive_218,AAKQPALWFGPRV,1,0.9473825097084045,1
Positive_219,KPSGFLGMR,1,0.9492062330245972,1
Positive_220,AGNLSECFWKYCV,1,0.9495781064033508,1
Positive_221,HPTKPCMYCSFGQCVGPHICCGPTGCEMGTAEANMCSEEDEDPIPCQVFGSDCALNNPDNIHGHCVADGICCVDDTCTTHLGCL,1,0.9495950937271118,1
Positive_222,ASDDRVLGWNKAHGLWG,1,0.18954376876354218,0
Positive_223,APLSGFYGVR,1,0.9486057758331299,1
Positive_224,SNTDVLTPDLLFGEAEIRLQSRYDDPLMG,1,0.9502334594726562,1
Positive_225,HSSPFSPRL,1,0.9470701217651367,1
Positive_226,IAGGLASELEPVVDKA,1,0.07891751825809479,0
Positive_227,PMMMGFHGMR,1,0.9479827880859375,1
Positive_228,ECSQDCATCSYRLARPTDLNPLACTLECEGKLPSLKTWETCKELLQLTKLELPPDATSALSKQEESHLLA,1,0.9499969482421875,1
Positive_229,NGAGGGGSLWFGPRL,1,0.9466413259506226,1
Positive_230,DMHDFFVGLMG,1,0.9441351890563965,1
Positive_231,ILQRGSGTAAVDFTKKDHTATWGRPFFLFRPRN,1,0.9502173662185669,1
Positive_232,APVQKWDQWQAQDTYNPDWELGQFN,1,0.9489680528640747,1
Positive_233,LPRPEPAENSLFKGERNLYGLGGGHLLRDLESALRENPMVYERPS,1,0.9479613900184631,1
Positive_234,APYGFTGMR,1,0.948337972164154,1
Positive_235,SQDSYPLLPRNLL,1,0.9475751519203186,1
Positive_236,YSFLPRL,1,0.9453122019767761,1
Positive_237,ASLFNAPRV,1,0.9465697407722473,1
Positive_238,ELARERPEPARGPEGPDEGAATQADLDNGLVAEVEATSAEKKDEGPYKMEHFRWGSPAKDKRYGGFMTSEKSQTPLVTLFKNAIIKNAYKKGH,1,0.9487278461456299,1
Positive_239,KPRPHQFFGLM,1,0.9491311311721802,1
Positive_240,DAGLFPFPRV,1,0.9472950100898743,1
Positive_241,SLILFVILLVAFAAARPVSEEVDRV,1,0.08192422986030579,0
Positive_242,NVAAVARYNSQHGHIQRAGAE,1,0.9523411989212036,1
Positive_243,LQREALPDSWAHKVVA,1,0.04413127526640892,0
Positive_244,ALDDLEGVGFGGML,1,0.9490141272544861,1
Positive_245,GGARAFLTEM,1,0.9472939372062683,1
Positive_246,APSSGFFGTR,1,0.9493270516395569,1
Positive_247,RPLPAPAAPFVPRL,1,0.9471091032028198,1
Positive_248,SISSLAQWGNLP,1,0.9486099481582642,1
Positive_249,ASMNQYRYYGGGERRGLQDVGFAPPS,1,0.9477662444114685,1
Positive_250,APSQRLRW,1,0.9480183720588684,1
Positive_251,LTPLTPRK,1,0.7497230172157288,1
Positive_252,LQQYGMPFSPRL,1,0.9468005895614624,1
Positive_253,FPPGFHRP,1,0.9484508037567139,1
Positive_254,RPQQFGLM,1,0.9467040300369263,1
Positive_255,HRNLFQVDDPFFATR,1,0.9288691282272339,1
Positive_256,ELAYEMLPSKVRVV,1,0.6297335028648376,1
Positive_257,RSRTRQFYGLM,1,0.9487442374229431,1
Positive_258,PAFHAWS,1,0.946623682975769,1
Positive_259,TVDAELEQLMSEVYGIGE,1,0.9516525864601135,1
Positive_260,DGSYKMNHFRWSGPPKD,1,0.9482524394989014,1
Positive_261,SYSMEHFRWGKPVGRKRRPVKVYPNGVQEETSEGFPLEF,1,0.9486143589019775,1
Positive_262,SDRSPSLRLRF,1,0.9442254900932312,1
Positive_263,PVKEPR,1,0.9458420872688293,1
Positive_264,GSTGLIPFGRT,1,0.9494654536247253,1
Positive_265,YQEANKLDGNGNGNGHIHTIKT,1,0.05164491757750511,0
Positive_266,APMGFQGMR,1,0.9486442804336548,1
Positive_267,KPQFFVGVK,1,0.9437625408172607,1
Positive_268,VPSGFQGVR,1,0.946099579334259,1
Positive_269,GGLRSCFGVRLARIGSFSGLGC,1,0.9497413039207458,1
Positive_270,ARMMSFDAEAPQYLQHLLQNLKPRF,1,0.9466226100921631,1
Positive_271,SPFRYFEMR,1,0.9464706182479858,1
Positive_272,APNGFLGMR,1,0.9482505917549133,1
Positive_273,RKPHPKEFVGLM,1,0.9490862488746643,1
Positive_274,SAPDADAVDDDHESSARDEA,1,0.9536745548248291,1
Positive_275,DASSSNENNSRPPFAPRL,1,0.9478937983512878,1
Positive_276,SYSSLVRNGDLPFFIRKEWN,1,0.9479960799217224,1
Positive_277,SEDRSSGNSLKESSFFSPGRY,1,0.9479607343673706,1
Positive_278,ARPVKEPRGLSAASPPLAETGAPRRF,1,0.9476403594017029,1
Positive_279,AGLVAFPRV,1,0.9477932453155518,1
Positive_280,RFDSISGHSSFGSL,1,0.9470347166061401,1
Positive_281,APSIRLRF,1,0.9468687772750854,1
Positive_282,SMADISDMPEDVPM,1,0.950462818145752,1
Positive_283,APFSGFLGLR,1,0.9490294456481934,1
Positive_284,DADEGDTLANSSDLLKELLGTGDNRAKDSHQQESTNNDEDSTSKRYGGFMRGL,1,0.9474297165870667,1
Positive_285,TETRAAFWDNAAGRQPY,1,0.647735595703125,1
Positive_286,YIGALARTGDLRYMTQDDGDFYDKRNIASIVRNS,1,0.9432632327079773,1
Positive_287,NPVYSAVSNTDLMDFKNLLDHLEEKMPVED,1,0.952186644077301,1
Positive_288,DPSFLEF,1,0.9480844736099243,1
Positive_289,CYFNNCPVG,1,0.9483357071876526,1
Positive_290,TNFAFSPRL,1,0.9474573135375977,1
Positive_291,WYGHGDFDEIDNVGWPGFT,1,0.947566032409668,1
Positive_292,APSGFLGLR,1,0.9484037160873413,1
Positive_293,WEWPWNRKPTKFPIPSPNPRDKWCRLNLGPAWGGRC,1,0.9229316711425781,1
Positive_294,EVMPPQALSEQTDEAGAALSSLSEVPPWTGEVNPSQR,1,0.9569504857063293,1
Positive_295,FLEPPERPAVFTSVEQMKSYIKALNDYYLLLGRPRF,1,0.9473022818565369,1
Positive_296,DGTLDIIGKKKVKELLAHQDNYPSAVRKTLSCTNVKSMSKWASCPAGMTATGCSCGFACGSWEIQNENICNCLCLIVDWAYARCCQLS,1,0.9481444954872131,1
Positive_297,LQVDYLVLEVA,1,0.04291593283414841,0
Positive_298,SIRAPQLRLRF,1,0.9472699761390686,1
Positive_299,APSGFIGMR,1,0.948513388633728,1
Positive_300,AQEFIMFGNQQNRAPSFSNIRND,1,0.949824333190918,1
Positive_301,LFVGGSRY,1,0.9488940834999084,1
Positive_302,APVNSFLGVR,1,0.9488744139671326,1
Positive_303,GSFTPRI,1,0.9449840188026428,1
Positive_304,SVQALARDGYLGRTSDQ,1,0.9482316374778748,1
Positive_305,PFDSISSGGGMAGFA,1,0.9495862722396851,1
Positive_306,SGNGGIVLGNSELDARNPERFFIGSRY,1,0.9471570253372192,1
Positive_307,APSDPRLRQFLQKSLAAATGKQELAKYFLAELLSEPNQTENDALEPEDLPQAAEQDEMRLELQ,1,0.9495972394943237,1
Positive_308,SSPITGVTDPKVAQELNQIFSSSVTHDDSPKASE,1,0.8476558923721313,1
Positive_309,VSTSRGSQGCFGLKLDRIGAASGLGCWRRIVDS,1,0.9507031440734863,1
Positive_310,YPAKPASPRDGAPPEELAKYYSALRHYINLITRQRY,1,0.9482877254486084,1
Positive_311,DLRTIPDAVMDEEANSMDYIPEDVLSEEEKRAWNTLKGSW,1,0.6129723191261292,1
Positive_312,DVLRPDQDPRI,1,0.9480870962142944,1
Positive_313,KVVHLRPRSSFSSEDEYQIYLRNVSKYIQLYGRPRF,1,0.9460926651954651,1
Positive_314,NIDEIDRTAFDNFF,1,0.9484903216362,1
Positive_315,KPPSSSEFIGLM,1,0.9487125873565674,1
Positive_316,SDLEGNGVGIGDDHEQALVHPWLYLWGE,1,0.9318507313728333,1
Positive_317,DEKSSLDELAERLEEEEFA,1,0.9491675496101379,1
Positive_318,KKAYQLEHTFQGLL,1,0.903032660484314,1
Positive_319,RGLDSLSGATFGEN,1,0.9476705193519592,1
Positive_320,DPPFAPRM,1,0.9459708333015442,1
Positive_321,FYANRY,1,0.948106050491333,1
Positive_322,QLHVNKARRVYIL,1,0.28269872069358826,0
Positive_323,APVMGFQGMR,1,0.9483328461647034,1
Positive_324,HIGALARLGWLPSFRAASARSGRSAGSRS,1,0.9475109577178955,1
Positive_325,DAGYGQISH,1,0.9290982484817505,1
Positive_326,VGRPDWLDNQKSGGLL,1,0.9465721845626831,1
Positive_327,NLATMARLQSAPSTHREQP,1,0.9494810104370117,1
Positive_328,DSSEDWAQPFVPRL,1,0.9457544088363647,1
Positive_329,RSMNGCFGNRIERIGSWSSLGCNNSRFGSKKRIF,1,0.9501978754997253,1
Positive_330,SYSMEHFRWGKPMGRKRRPIKVYPNSFEDESVENMGPEL,1,0.9486790299415588,1
Positive_331,SSSMYDRDIMSFG,1,0.9474607110023499,1
Positive_332,GLAKEALGDGCFGQRIDRICNVSGMGCNHVRTDPAPTALAR,1,0.9493799209594727,1
Positive_333,DFSFNPRL,1,0.9459918141365051,1
Positive_334,YSLRARPRF,1,0.9460431337356567,1
Positive_335,YGNRPHLRF,1,0.9479110240936279,1
Positive_336,QGFYSQRY,1,0.9478448629379272,1
Positive_337,RDSESSERARNT,1,0.7082246541976929,1
Positive_338,DADEGDTLANSSDLLKELLGTGDNRAREGRHQESTDNDDNMS,1,0.9470722079277039,1
Positive_339,YDSNFSEDMGVLLGNNRD,1,0.8847941756248474,1
Positive_340,SYGISSGCFGLKLDRIGTMSGLGCWRLLQDSP,1,0.9499289393424988,1
Positive_341,DCSQDCAACSILARPAELNTETCILECEGKLSSNDTEGGLCKEFLHPSKVDLPR,1,0.9459488391876221,1
Positive_342,SALLQPENNPEWNQLGWAWG,1,0.9488939642906189,1
Positive_343,QNLIPFPRV,1,0.9480631947517395,1
Positive_344,VPMMSLKGLRG,1,0.9252763390541077,1
Positive_345,SFRPDMITEE,1,0.9477439522743225,1
Positive_346,MNYLAFPRM,1,0.9207257628440857,1
Positive_347,GGGGSSGLFAFPRV,1,0.9472535252571106,1
Positive_348,NIASLARKYELP,1,0.9482905864715576,1
Positive_349,TSRSAGSDGQAFLQQQQQQEQGGAHAQDAAGS,1,0.9529579877853394,1
Positive_350,KPLSAMRGGV,1,0.934515655040741,1
Positive_351,DNTVRSKPLNCMNYFWKSSTAC,1,0.7935422658920288,1
Positive_352,EKLFDGYQFGEDMSKENDPFIPPR,1,0.9465286135673523,1
Positive_353,APLRGFQGVR,1,0.9486122131347656,1
Positive_354,SSDSHHGHQ,1,0.9477463364601135,1
Positive_355,GVGDVPSMFFSPFRMMG,1,0.9424566626548767,1
Positive_356,RGPVDCTRFLYAPVCRGVAA,1,0.9105439186096191,1
Positive_357,HPLGGAGLASELPGIQELLDRLRDRVSELQAERTDLEPLRQDRGLTEAWEAREAAPTGVLGPRSSIFQVLRGIR,1,0.9481439590454102,1
Positive_358,GSGQYAFGLGKKAGGAYSFGL,1,0.9463438987731934,1
Positive_359,STVGYNLDARNYFVGLG,1,0.7642707228660583,1
Positive_360,SLRMATEDNRQAFFKLLEAADALKY,1,0.9503912329673767,1
Positive_361,SYMGENPLNDEFTMPVMQNSASRDVDEVMNELARLSNNN,1,0.9482417106628418,1
Positive_362,DGYTPRL,1,0.9450923204421997,1
Positive_363,GSSGLISFPRT,1,0.946225643157959,1
Positive_364,MDPNAFRMSFG,1,0.9359413981437683,1
Positive_365,NKPSLSIVNPLDVLRQRLLLEIARRQMKENTRQVELNRAILKNV,1,0.9520792961120605,1
Positive_366,NSEIINSLLGLPKVLNDA,1,0.950574517250061,1
Positive_367,LSPGDGCFGQKIDRIGAVSGMGCNSVSSQGKK,1,0.9565033316612244,1
Positive_368,MEEYIPRP,1,0.9307263493537903,1
Positive_369,AIKPFTGIDNNSFSVIR,1,0.4011607766151428,0
Positive_370,GSERNFLRF,1,0.9468210339546204,1
Positive_371,SGSKTAKIGDGCFGLPLDRIGSTSGMGCGSVPKP,1,0.9502848386764526,1
Positive_372,APQRLFERRNWTPQAMLYLKGAQGRRFLSDQSRRKDLSDRPPLERRSPNSQQLTLPEAAAVLLAFLQKPQEAGDENLDQTRFLEDSLLNW,1,0.9498271942138672,1
Positive_373,SDPLFGAPSAAAGSGQDSLAVAARSPSLRLRF,1,0.9476640224456787,1
Positive_374,QLYAFPRV,1,0.9471672773361206,1
Positive_375,SDPDMLNSIVE,1,0.9403246641159058,1
Positive_376,WSRREPSI,1,0.6539047360420227,1
Positive_377,RPRPQQFFGLM,1,0.9489346742630005,1
Positive_378,ADFAFNPRL,1,0.9470781087875366,1
Positive_379,ECSQDCATCSYRLVRPADINFLACVMECEGKLPSLKIWETCKELLQLSKPELPQDGTSTLRENSKPEESHLLA,1,0.9488180875778198,1
Positive_380,YGGWGG,1,0.9449399709701538,1
Positive_381,DEVALPARGGSHVWSSRY,1,0.9490613341331482,1
Positive_382,DGGDVMSGGEGGEMTAMADAIKYLQGLDKVYGQAARPRF,1,0.9473600387573242,1
Positive_383,AAAAPGAAGGAQLPLGNRERKAGCKNFFWKTFSSC,1,0.9517609477043152,1
Positive_384,KPDPTQLAAMADAIKYLQELDKYYSQVARPRF,1,0.9471359848976135,1
Positive_385,GPSQPTYPGDDAPVEDLIRFYNDLQQYLNVVTRHRY,1,0.9449861645698547,1
Positive_386,EAVPSQVLSEQNEEAGAPLSPLSEVPPWDGGRSTQPR,1,0.9493485689163208,1
Positive_387,GDVDSVFFSPFRIIG,1,0.9392743110656738,1
Positive_388,QPMPADAMARPA,1,0.9420953989028931,1
Positive_389,DELEGLVHDLASAEEM,1,0.9384660124778748,1
Positive_390,GRMTSGRIIARVLNRH,1,0.6916306614875793,1
Positive_391,GSSSGLISMPRV,1,0.9473868012428284,1
Positive_392,GGARAFSADVGDDY,1,0.9471468925476074,1
Positive_393,AGNSGANSGMWFGPRL,1,0.9470569491386414,1
Positive_394,SAPSDFSRDIMSFG,1,0.9477726817131042,1
Positive_395,EAAGLIPFPRVG,1,0.9470623135566711,1
Positive_396,MQQGRGCFGMKLDRIGSMSGLGC,1,0.949108362197876,1
Positive_397,ASNLKPDNVDEPSIDWDQPQQQQQQQQQQRVFENERP,1,0.9500970244407654,1
Positive_398,MQIYGRPATMDE,1,0.0445098876953125,0
Positive_399,QCSLDSVMDKKIKDVLNSLEYSPSPISKKLSCASVKSQGRPSSCPAGMAVTGCACGYGCGSWDVQLETTCHCQCSVVDWTTARCCHLT,1,0.9495623111724854,1
Positive_400,YLGSLARSGSYPTRDYDE,1,0.9501595497131348,1
Positive_401,ECSQDCAKCSYRLVRPGDINFLACTLECEGQLPSFKIWETCKDLLQVSRPEFPWDNIDMYKDSSKQDESHLLA,1,0.9487124085426331,1
Positive_402,LTNRNFLRF,1,0.9448338150978088,1
Positive_403,TDDNPFDDKTLAEYEKGFHYGTNKAKLDEQMENAILKSEMYGDPAAINQYRYYGGSDDOH,1,0.9426379799842834,1
Positive_404,DINSNLIPFPRV,1,0.9467862844467163,1
Positive_405,DAEEDDSLANSSDLLKELLETGDNRERSHHQDGSDNEEEVS,1,0.9519052505493164,1
Positive_406,RRAEEETAGGDGRPEPSPREGKR,1,0.5913540124893188,1
Positive_407,EPEPMARPTRPKVFESPEELRQYLDLVKEYYSLSGKARY,1,0.9470356702804565,1
Positive_408,YPAKPQAPGEHASPDELNRYYTSLRHYLNLVTRQRF,1,0.9481760263442993,1
Positive_409,TIMGFQGMR,1,0.9463100433349609,1
Positive_410,DRASSGFLRL,1,0.9487277269363403,1
Positive_411,EGTLESIVEKKVKELLANRDDCPSTVTKTFSCTSITASGRLASCPSGMTVTGCACGYGCGSWDIRDGNTCHCQCSTMDWATARCCQLA,1,0.9498656988143921,1
Positive_412,SDPLPASGEIASRPTR,1,0.91454017162323,1
Positive_413,SGYNANRY,1,0.9476298689842224,1
Positive_414,APASGFVGMR,1,0.9486569166183472,1
Positive_415,ALRAAAVAGSPQQLLPLGQRERKAGCKNFFWKTFSSC,1,0.9512759447097778,1
Positive_416,PALIPFPRV,1,0.9472823739051819,1
Positive_417,SAQPPGLWFGPRV,1,0.9479069709777832,1
Positive_418,YIGTVLAKSGHRSYGQD,1,0.8923150300979614,1
Positive_419,HHDHHAAVGGGGGGGGGGA,1,0.9444153904914856,1
Positive_420,LEQIDQQDVYMDY,1,0.9453625082969666,1
Positive_421,FGSSQIMDPLRYSLVS,1,0.9423333406448364,1
Positive_422,KSFNSCFGTRMDRIGSWSGLGCNSLKNGTKKKIFGN,1,0.9490426778793335,1
Positive_423,GDEEEAEGNDGLEDD,1,0.9234957695007324,1
Positive_424,TRSAWLNSGVAESGLEGDHPYDISATSLELNLR,1,0.6706463694572449,1
Positive_425,SEVRSRVASRSADERFFGGPRF,1,0.9457976222038269,1
Positive_426,SDFFLKTAKSVPRI,1,0.9488290548324585,1
Positive_427,NPMYNVVSNADLVDFKNLLDHLEEKMPLED,1,0.9508516192436218,1
Positive_428,GASGLIPFPRL,1,0.9483731389045715,1
Positive_429,FDPLSGKGFGSQ,1,0.9457290172576904,1
Positive_430,GLPSAYDIR,1,0.9276365637779236,1
Positive_431,MPRVRSLVQVRDAEPGADAEPGADAEPGADDAEEVEQKQLQ,1,0.0489378459751606,0
Positive_432,EKLKPNMRRAFGLLTYPRI,1,0.9486796855926514,1
Positive_433,QNYLAFPRM,1,0.9475070834159851,1
Positive_434,SPIVELYPVVDSGNVEPEAFPAYFRF,1,0.9477237462997437,1
Positive_435,GPNFGHSFV,1,0.9488648772239685,1
Positive_436,EVGALPSMPSVTKAMEYS,1,0.0895419493317604,0
Positive_437,QCWENPRCHDLSSENNLLECIQLCRSDLTTKSPIFPVKVHLQPPSPSDSDSPPLYLPLSLLSPSSPLYPTEQQNSVSPQA,1,0.948587954044342,1
Positive_438,NIGALARGFNFPVA,1,0.9486829042434692,1
Positive_439,EDEKDQRAADWMGPDPLDYADMDEDSIYYEN,1,0.9194790720939636,1
Positive_440,SNNPFAPRL,1,0.9459403157234192,1
Positive_441,FYSQRY,1,0.9483380913734436,1
Positive_442,HPLGGRSPASEASEASEASGLWAVQELLGRLKDAVSELQAEQLALEPLHRSHSPAEAPEAGGTPRGVLAPHDSVLQALRRLR,1,0.9492882490158081,1
Positive_443,LPTSLLEDMKDAQFHTPVRTNKV,1,0.9499179124832153,1
Negative_0,MSGSVCCACDTRFFRAQWVDCGFGGSSSVVVGASPQGLLRVR,0,0.04618104174733162,0
Negative_1,RTQPTSAARPCRRVERD,0,0.04281216114759445,0
Negative_2,APMMIRFVDDCPGIRD,0,0.044894393533468246,0
Negative_3,MSEVAEKVKKIVVEHLGVDEAKVTPEASFIDDLGADSLDTVELVMAFEEAFGVEIPEDAAEKIGTVKDAIDYIEKKKAE,0,0.04447861760854721,0
Negative_4,QAAQFKVWSASELVD,0,0.0564662404358387,0
Negative_5,MINSPLLDLLP,0,0.05154753848910332,0
Negative_6,MNKAKQAADPEETPSHR,0,0.050958968698978424,0
Negative_7,MHQVLDMMIERVG,0,0.04196130856871605,0
Negative_8,MPNWLKKQMQKAFLEKDNYQIKLLNQCWYFYRKKHCS,0,0.043511901050806046,0
Negative_9,MTLVMGSCCGRFCDAKNKFKKDDIEEEGEGYCDYKNLNDLDEATRIEFGPLYIINEEKSDINTLDIKRRYRHAIESVYF,0,0.05741765722632408,0
Negative_10,MSSDERRSNPNPSWNSPV,0,0.042170122265815735,0
Negative_11,MDGHITSTLVLKPNTPKTY,0,0.044759176671504974,0
Negative_12,MLLCTSRQRPRALRRD,0,0.043379392474889755,0
Negative_13,MASECNRNIVEKYICHKLS,0,0.04326348379254341,0
Negative_14,ASKSFDIECTVMCQI,0,0.04388458654284477,0
Negative_15,DVAILIPILSSMPKDE,0,0.04517963156104088,0
Negative_16,SIDLPVVTPPPQQ,0,0.5780643820762634,1
Negative_17,MNERVKQVASALVDAIQKTLTEQRV,0,0.04524314031004906,0
Negative_18,MSFLIYWNTIICIFLYYML,0,0.04291580617427826,0
Negative_19,MAVAGGEGARGRSRV,0,0.0456230528652668,0
Negative_20,MYHSLGENN,0,0.04365760087966919,0
Negative_21,MNPRLYHLLQSVDS,0,0.044629890471696854,0
Negative_22,GVQISQISSFPTTADVSYDFNITNALGGIQPVGSLK,0,0.048791635781526566,0
Negative_23,MNKKFLFLEINRAK,0,0.04358406364917755,0
Negative_24,MLTKPYLLVSSKYMYTIPPDQTSVILEPYKASTSVNSLGVTSLQPYSEKKTGIDKFLNSAVLSA,0,0.04454838111996651,0
Negative_25,GQKNSTENAKGFLVRQTTK,0,0.0492452010512352,0
Negative_26,ELTPNQLQE,0,0.6772445440292358,1
Negative_27,NLKLAGFGPTRQCHMPE,0,0.04538138955831528,0
Negative_28,MSNVIRLRFVRLM,0,0.043260641396045685,0
Negative_29,GFSSIFRGVAKFASKGLGKDLARLGVNLVACKISKQC,0,0.04339931160211563,0
Negative_30,MPRTVHLKRDPIV,0,0.05205317214131355,0
Negative_31,MLEFPCLPLRKNTIRTE,0,0.043074991554021835,0
Negative_32,MLVDHRPEELRLE,0,0.047799061983823776,0
Negative_33,MKRRRPLFYCNFRLLQLY,0,0.042227111756801605,0
Negative_34,GDIFFDAK,0,0.9186466336250305,1
Negative_35,MKEKDNFEMVINFKRAFMGRRNQRTKRAIKMIRNIVQRHFGAEKVIIDPLLAKSITYNGRDKIVRKVRVAVKKIGEKTYLVRLALKSE,0,0.04984837397933006,0
Negative_36,AVSCFKACMKKRGIPFVCSVDC,0,0.04365871101617813,0
Negative_37,MTKQGLAAH,0,0.046469103544950485,0
Negative_38,MKVRPSVRKICENCRLIRRKRKILVICTNPKHKQRQG,0,0.044528596103191376,0
Negative_39,QTCVSCVNFGNGFCGDNCGNSWACSGC,0,0.043941181153059006,0
Negative_40,AGTEAGVTLGQPSLXEQDSXXL,0,0.08410502225160599,0
Negative_41,MWSGVKSTPKLPWHVYS,0,0.0436529815196991,0
Negative_42,MHTYAAIFGVVAILLHLIENRRCVKLYVRETLRGV,0,0.04309297725558281,0
Negative_43,DVSNSIYTEIGDLLPKRPR,0,0.9490101337432861,1
Negative_44,GGGKDYRVEIVDKHNXLRRSVXXTARN,0,0.04407160356640816,0
Negative_45,AAVEVLFTNV,0,0.04293655976653099,0
Negative_46,MKFLSLAFVLGLLALANATPLNPGNVIINGDCRVCNVRA,0,0.04362313076853752,0
Negative_47,GGTTLKVHYLCHL,0,0.044910430908203125,0
Negative_48,VINNAAGNF,0,0.8554492592811584,1
Negative_49,GIPCGESCVWIPCISAALGCSCKNKVCYRN,0,0.04316144809126854,0
Negative_50,HGGGSVMVQG,0,0.08509606122970581,0
Negative_51,MNQFAILYEERFTHPYR,0,0.04291593283414841,0
Negative_52,MTFTLTALKYHSFLSTFTH,0,0.042341265827417374,0
Negative_53,SRHYIGRLLHFALFGR,0,0.3931680917739868,0
Negative_54,MQYAIAGWPVAGCPSESLLERITRKLRDGWKRLIDILNQPGVPKNGSNTYGYPD,0,0.04567895829677582,0
Negative_55,MDNKVAKNVEVKKGSIKATFKAAVLKSKTKVDIGGSRQGCVA,0,0.046548403799533844,0
Negative_56,MKIMCSFFSKCSFLIL,0,0.04321834817528725,0
Negative_57,MQKLAEAIAAAVSAGQDKDWGKMGTSIVGIVENGITVLGKIFGF,0,0.043843965977430344,0
Negative_58,MKLTCVVIVAVLFLTANTFATADDPRNGLENLFLKAHHEMNPEASKLNERCLSGGEVCDFLFPKCCNYCILLFCS,0,0.046544451266527176,0
Negative_59,MPIVSKYSNERVEKIIQDLLDVLVKEEVTPDLALMCLGNAVTNIIAQVPESKRVAVVDNFTKALKQSV,0,0.04308218136429787,0
Negative_60,MILELFTSNCRMSNAHL,0,0.04233836382627487,0
Negative_61,NIVNQLTKIESTRYIQERR,0,0.05052695795893669,0
Negative_62,MKTRPSVKPICERCKVIKRRGKVMVICSNPKHKQKQG,0,0.0443393848836422,0
Negative_63,MKALEIEQQNGDMEWQEE,0,0.0489906370639801,0
Negative_64,MASRRLWCG,0,0.04554625228047371,0
Negative_65,MSDINATRLPHLVRYPPYVGDGTDLTLNRGEK,0,0.04419984668493271,0
Negative_66,RRHFTRNFGYHDIY,0,0.5960916876792908,1
Negative_67,MDNYPASSGTDSSTSDSD,0,0.04285876080393791,0
Negative_68,ICTEQLKTLEGAQTI,0,0.04421202838420868,0
Negative_69,MERAPEDQGPQREWT,0,0.0630950927734375,0
Negative_70,MSLSTWPQVLLDQTRMAR,0,0.04484304040670395,0
Negative_71,VLKNCNSMIDAGKIFLGQQ,0,0.04359809309244156,0
Negative_72,MLRAIVVFAPIIAALAWVVFNIQKPAREQFNRDFLGKD,0,0.04433974251151085,0
Negative_73,MKHLWPLVACILLASYP,0,0.0432223342359066,0
Negative_74,MPPWRKGT,0,0.048215027898550034,0
Negative_75,MSLDLVGMYGSFLSEGANLRPFGRYAKIPRIGSHMTRYVEFLRRRISGRA,0,0.04620463401079178,0
Negative_76,MLIPYDQLQAETLTRLIEDFVTRDGTDNGDDTPLETRVLRVRQALAKGQAFILFDLESQQCQLLAKHDVPRELLE,0,0.04536900669336319,0
Negative_77,MPRHSREFQTIQMT,0,0.043841712176799774,0
Negative_78,EKEESVVKG,0,0.22048886120319366,0
Negative_79,KRGNIRIPKHP,0,0.9219236373901367,1
Negative_80,MLFDCRRHLCYLLL,0,0.043062202632427216,0
Negative_81,KFREIYNFAFGWAREK,0,0.04565377160906792,0
Negative_82,MFLLLKLSVAT,0,0.043031126260757446,0
Negative_83,GIYLNLRARSLVIKQA,0,0.04642561823129654,0
Negative_84,IPALGLLENKLLKW,0,0.04633736237883568,0
Negative_85,ANGLLAYAVTMVAYVTIW,0,0.043663155287504196,0
Negative_86,MKDFVTYLSTAPVIALAWMSFTAGLLIEINRFFPDPLVFTF,0,0.047240253537893295,0
Negative_87,MWPLLLSFLFILLLAVARN,0,0.043680667877197266,0
Negative_88,MLSLKELLIFCYLA,0,0.043156858533620834,0
Negative_89,VKELIARQIGNRKKR,0,0.05167009308934212,0
Negative_90,GCRNRKRTCRRH,0,0.04599839076399803,0
Negative_91,MEVNILAFIATALFILIPTSFLLIIYVKTVSQNN,0,0.04488828778266907,0
Negative_92,APDMSDSDGWSEDQY,0,0.8442105054855347,1
Negative_93,ESIPFSETRGYVKNVLAYDAYYRHFMGEKDALMSDAEWQRRY,0,0.7822146415710449,1
Negative_94,MTGPNPNKQAVELNRTSLYWGLLLIFVLAVLFSSYFFN,0,0.045155152678489685,0
Negative_95,MYRTDCLARQTDYRV,0,0.04450584948062897,0
Negative_96,MHGGIQRISLRGSMLMPPQSNWQDNRFSSVAAQVDVPRAHIRGHARFSI,0,0.047035399824380875,0
Negative_97,FFPIVAGVAGQVLKKIYCTISKKC,0,0.04378088191151619,0
Negative_98,WWAMEFRRTLPQ,0,0.044542111456394196,0
Negative_99,MIALLALIVSLIKRK,0,0.04259176924824715,0
Negative_100,MAKQRPGRHAEGR,0,0.043685849756002426,0
Negative_101,MSDELIHVVIALGLVISFGLGAITAGVLR,0,0.044102542102336884,0
Negative_102,MRRLKNSIVVPALISLHD,0,0.04244483262300491,0
Negative_103,MSFSPLFLFFFLFFF,0,0.042685411870479584,0
Negative_104,MSIAPAWW,0,0.07049622386693954,0
Negative_105,MGEVAATMKIMPEGVDTDLDDLKIRLEAVLPEGASIFGSEIEPVAFGLKALKLVVLVGDLEGGTEPVEEAFAAVPGVESVQVTELGRPV,0,0.04751971364021301,0
Negative_106,GLIDVRCYDSRQCWIACKKVTGSTQGKCQNKQCRCY,0,0.0437227338552475,0
Negative_107,INSISIYKYHKIYRSPSSN,0,0.04536883533000946,0
Negative_108,MIRRSCALLSSSWRDHGISYLKYLNVCTETLHSTVKESRRAKYERWSKPCYTAQRPDGAGGQETIDKVPIHTKDY,0,0.05632231757044792,0
Negative_109,MSIWHFWPLTS,0,0.04522964358329773,0
Negative_110,LHTKGSVPLDTITFYKVIPKHKFVLVKFDTQY,0,0.04981560632586479,0
Negative_111,MNASLLFSVSSNNDNIQC,0,0.0434977151453495,0
Negative_112,MQAEVLDFFEDRGETPPGRSSEAGYGLFWRVGVVWV,0,0.045511774718761444,0
Negative_113,DINGGGATLPQKLYQTSGVLT,0,0.07129710167646408,0
Negative_114,MLSLTHTVR,0,0.04331064224243164,0
Negative_115,MGYHKRRDQETK,0,0.049334485083818436,0
Negative_116,MSVELKRCCSTICMMH,0,0.044653620570898056,0
Negative_117,MKRTYQPSVVRRKRTHGFLVRMRTKGGRAVIAARRAKGRTRLAV,0,0.04516862705349922,0
Negative_118,MDCFDRLVLGNNMYCKSQ,0,0.04199053347110748,0
Negative_119,SKDVMHQMALKFGKPIKLLQQELGADDSVVKDFLD,0,0.8346084952354431,1
Negative_120,GIMDSVKGLAKNLAGKLLDSLKCKITGC,0,0.043623633682727814,0
Negative_121,MTIDKTYPIFTVRWLTVHGLAVPTVSFLGSISAMQFIQR,0,0.04493317753076553,0
Negative_122,EHPALYRRYSKEHTFCKTKNQXCN,0,0.04420360177755356,0
Negative_123,FAVRQELEFGVI,0,0.05756259337067604,0
Negative_124,DGCPPHPVPGMHPCMCTNTC,0,0.04577789455652237,0
Negative_125,MSERPSPFPYLY,0,0.043683990836143494,0
Negative_126,LRSLFGGDPLSQ,0,0.045380428433418274,0
Negative_127,MGILKLQVFLIVLSVALNHLKATPIESHQVEKRKCNTATCATQRLANFLVHSSNNFGAILSSTNVGSNTYGKRNAVEVLKREPLNYLPL,0,0.08612281084060669,0
Negative_128,MFDISSILIRGGGVLIVVILLLWIVEHNEDFIDAKSMNYNNQTV,0,0.04335036128759384,0
Negative_129,MAKRGFNCLLLSISEIDLPVKRLESPNKTRRPYGASIY,0,0.045770954340696335,0
Negative_130,MTYTIVLLFLSYNIRSPL,0,0.0430208183825016,0
Negative_131,VEVTALSSYEEKEDQFKEQ,0,0.13904064893722534,0
Negative_132,MCIPGCDATGKSQLIRAI,0,0.042407456785440445,0
Negative_133,MIYLGKDTNG,0,0.0462036058306694,0
Negative_134,MPTLTSYFGFLLVALTITLVLFISLSKIRLI,0,0.045439139008522034,0
Negative_135,IERPRSEGVEEL,0,0.9468583464622498,1
Negative_136,MHTSKLKRYR,0,0.042531900107860565,0
Negative_137,MNITNTTEAQLLTLTRTL,0,0.042994678020477295,0
Negative_138,MERRRDSLHSS,0,0.0438816100358963,0
Negative_139,MSQLKITQVRSTIGARWKQRESLRTLGLRRIRHSVIREDNAATRGLIAVVRHLVEVEPAQTGGKT,0,0.045879192650318146,0
Negative_140,MQCRVLLTIGLPLPPSGPF,0,0.04291822388768196,0
Negative_141,MSVDPMTYEAQF,0,0.043787334114313126,0
Negative_142,MFLSANLNQKDPPI,0,0.04652801901102066,0
Negative_143,MGCCRTVRKA,0,0.04403528943657875,0
Negative_144,TVEVPSING,0,0.05880947411060333,0
Negative_145,GSVFNCGETCVLGTCYTPGCTCNTYRVCTKD,0,0.04406757652759552,0
Negative_146,APEQSKSIPRGEILSLSCAGCHGTDGKSESIIPTIYGRSAEYIESALLDFKSGARPSTVMGRHAKGYSDEEIHQIAEYFGSLSTMNN,0,0.05605702847242355,0
Negative_147,MKYNKGRLHFCPNFVS,0,0.04309121146798134,0
Negative_148,MHTQPMTATRRWS,0,0.04394366592168808,0
Negative_149,MSRIVRRSEPQDGTGCFS,0,0.04301122575998306,0
Negative_150,MKVRTRRPSWR,0,0.047212403267621994,0
Negative_151,EEFRKTYKQEHPNVKSVSV,0,0.04348381236195564,0
Negative_152,MVATRSLVVSCSTL,0,0.04275176674127579,0
Negative_153,MENVAFRGQYHNSSTC,0,0.04218164458870888,0
Negative_154,MEKTEKSECACVGDRRKAN,0,0.04419190064072609,0
Negative_155,EDFDSQCVPTADPGPCKAYIPMWWYNVLS,0,0.8749358057975769,1
Negative_156,MILLKVNHKPFMLPCVVIASLAYSEQVGWNRQLLPSSGEIKYL,0,0.045225463807582855,0
Negative_157,MLKTSTGFSLAIHPC,0,0.04329414665699005,0
Negative_158,MEKAIAKGDKE,0,0.09561820328235626,0
Negative_159,VVDHETKMKRKRFGTTCPC,0,0.04311271384358406,0
Negative_160,MRRPRGRPTPGRRRRRLLR,0,0.0436224527657032,0
Negative_161,LTPYEINDGSCRSLEVEQP,0,0.04166432097554207,0
Negative_162,MRNCLIVFFNKSNCLIVDS,0,0.04355369880795479,0
Negative_163,VFVARLPKL,0,0.18658968806266785,0
Negative_164,MINFPSIFVPLVGLVFPAIAMASLFLHVQKNKIF,0,0.04461175203323364,0
Negative_165,VINVKFFKELETPP,0,0.04235616698861122,0
Negative_166,MAATTTMATLNL,0,0.043163836002349854,0
Negative_167,MKSTESITNKEWSYQETN,0,0.05139179900288582,0
Negative_168,MLNKFQRLSLSFQR,0,0.042903631925582886,0
Negative_169,MYPHTHLDTITRHSHS,0,0.045390889048576355,0
Negative_170,MRVKEKYQHLWR,0,0.04265592619776726,0
Negative_171,MLVLRTDVLLLPVMRVD,0,0.04417283087968826,0
Negative_172,KAVVLGKAGGTAELPCQASQ,0,0.045528389513492584,0
Negative_173,PDANPNPNEQ,0,0.16731198132038116,0
Negative_174,MNLEVLAQLTVLTLIVISGPLVIALLAVRKGNL,0,0.044394854456186295,0
Negative_175,MCRNGTYNQSCGLLLTEC,0,0.04699806496500969,0
Negative_176,MSCSASLLDIIRVVTVSF,0,0.04318537190556526,0
Negative_177,HMQLHLRFVSVLKR,0,0.0595022551715374,0
Negative_178,ATVYNQDGTQVNVGGRVEVAL,0,0.04504704847931862,0
Negative_179,MLVFYALLFVSVFSNTVMGATIDMPIPKPILREAIEEIDVNKRADSHYCKEENCPPGKHCPKVPIVCRRGPCCF,0,0.04417219012975693,0
Negative_180,MTSISDSQIIVILLSVFITSILALRLGKELYQ,0,0.04361141845583916,0
Negative_181,MKSVDQSAWLWFSYAPESY,0,0.045845743268728256,0
Negative_182,TVEFYNNSQLNLNHGDVA,0,0.04182863608002663,0
Negative_183,NVVFMVIDDA,0,0.05468804016709328,0
Negative_184,NTNTQMTAYDQDDRGX,0,0.046354420483112335,0
Negative_185,MAGASDRTGVRRPRKAKKDPNAPKRALSSYMFFAKEKRVEIIAENPEIAKDVAAIGKMIGAAWNALSDEEKKPYERMSDEDRVRYEREKAEYAQRKV,0,0.04567399248480797,0
Negative_186,MTTSLANFIASLTAGALVLSAIGIALIIISKNDRVQRS,0,0.047894176095724106,0
Negative_187,WNKPQKIMGYRDGH,0,0.31651178002357483,0
Negative_188,KEICFPRLGCFSDDAPWAGIAQRPL,0,0.0763036385178566,0
Negative_189,YCSGTIKFRNC,0,0.05260581895709038,0
Negative_190,MSFETWMAALDGYMTETFGLGYQDIADWTYRDAYDDGLTFREAAHRAINHEFL,0,0.04427427053451538,0
Negative_191,GLMDMVKGAAKNLFASALDTLKCKITGC,0,0.044714853167533875,0
Negative_192,MLTPLLWLLVF,0,0.04878150299191475,0
Negative_193,METSRRVHESKGMDMIARD,0,0.04437868297100067,0
Negative_194,MKNKEESFQ,0,0.055462583899497986,0
Negative_195,MAVPKKHTSMS,0,0.043775949627161026,0
Negative_196,MSFCNGILAIQFTYAI,0,0.04382222145795822,0
Negative_197,MVNWQVIGQLVSTGAIMLLGPAIIILLALKKGNL,0,0.04481349512934685,0
Negative_198,MVQRGSKVRILRPESYWFQDLGTVASIDQSGIKYPVIVRFEKVNYSGINTNNFAQDELVEVEAPKAKPAKK,0,0.053143106400966644,0
Negative_199,MRQAKIIPFSA,0,0.04503263160586357,0
Negative_200,MKRTFQPSTLKRNRSHGFRARMSTKNGRHILSRRRSKFRTRLTVSSN,0,0.04494407773017883,0
Negative_201,MGAQMSKCP,0,0.04256180301308632,0
Negative_202,MFMYPEFARKALSKLNA,0,0.05479082465171814,0
Negative_203,MKMIGAFFV,0,0.042310696095228195,0
Negative_204,MSQTSSSSISGLRS,0,0.04691710323095322,0
Negative_205,MCLVDPILNPLFCCIMDVK,0,0.04286731034517288,0
Negative_206,ARICPRILMKCKKDSDCLAECICEEHGFCG,0,0.04374796524643898,0
Negative_207,MGGTECSPCVQESRTL,0,0.044087186455726624,0
Negative_208,AARRAGRPGRGGRRRRRGA,0,0.04585473611950874,0
Negative_209,EMNLAALSE,0,0.9269976019859314,1
Negative_210,TVPICVGPRNLSEIVMAQ,0,0.04352850839495659,0
Negative_211,MLGKLWPKSIHWLK,0,0.04633116349577904,0
Negative_212,MSKGLKEIHLTQMTKTAG,0,0.04521005228161812,0
Negative_213,KSSAEVQQTQQASIPASQKANLGNQNNIMXVAXYQ,0,0.04707449674606323,0
Negative_214,MSLLGTGHRHYGSIA,0,0.048894818872213364,0
Negative_215,MDVTGAATRT,0,0.04534321650862694,0
Negative_216,MCYREGFSSDG,0,0.04467194527387619,0
Negative_217,AANGNFNGSESKRSRTAYTRHQILELEKEFHFNRYLTRRRRIEIAHALDLSERQIKIWFQNRRMKWKKEHKLPNTKLRLP,0,0.047541797161102295,0
Negative_218,ADDKNPLEECFCEDDDYCEG,0,0.041369229555130005,0
Negative_219,MKHGQISSKELTDFIRER,0,0.04314787685871124,0
Negative_220,ECKTNKMSCSLHEECCRFRCCFHGKCQTSVFGCWVDP,0,0.04455714672803879,0
Negative_221,ANDEHYAPAFAAA,0,0.4103623628616333,0
Negative_222,KVIAKFFYSSYIPFN,0,0.04398611560463905,0
Negative_223,QCLNTQYN,0,0.04506971314549446,0
Negative_224,MISNQINVIYATLTLNQL,0,0.042753685265779495,0
Negative_225,MQCNTETS,0,0.047827016562223434,0
Negative_226,MSVLVYSFASFVLGWCLRSGITYFTRLMETSS,0,0.0429830476641655,0
Negative_227,MNVPEPPYTAVSGLLPV,0,0.045062046498060226,0
Negative_228,MCQFKKNGSWLVITD,0,0.043517425656318665,0
Negative_229,MNPQHTIPVINDHGFILAE,0,0.04418118670582771,0
Negative_230,MNIRRANTIIET,0,0.04516441375017166,0
Negative_231,TVIDVKCTSPKQCVPACKAAMGTVRAKCMNGKCKCYI,0,0.04357688128948212,0
Negative_232,SLRSLFGNDL,0,0.8858418464660645,1
Negative_233,MPGNERTCRTPGICELN,0,0.04351536184549332,0
Negative_234,VAGKSFVPIALGRQSKQTPF,0,0.21814849972724915,0
Negative_235,MLEKAKIDRINELSKKKKAGTLTATEKVEQDKLRKEYIKSFRTHMKGTIENTTIIDPNGTDVTPHKVKQLRKNKH,0,0.04462391510605812,0
Negative_236,MKWAAPIVSEICVGMEVTSYESAEIDTFN,0,0.04360293224453926,0
Negative_237,MKETPEVDATDKEENK,0,0.09518259763717651,0
Negative_238,MVGGKVFRELLFDGG,0,0.042928095906972885,0
Negative_239,MFSSFNVLIILRGFVRLKKWFNIDSELAFFFPKK,0,0.047939080744981766,0
Negative_240,MFDCVLPTRNGRMGTV,0,0.04368191584944725,0
Negative_241,VKETARNGSHYSR,0,0.054769519716501236,0
Negative_242,LLAKVEESE,0,0.1374053955078125,0
Negative_243,IPKNLTRAQWFTIQHIQPSPLQXNKAMNGVNXYT,0,0.0551208034157753,0
Negative_244,MYIFITHFFTEYVILKYLLPI,0,0.04499838873744011,0
Negative_245,DLYCHKTE,0,0.050782401114702225,0
Negative_246,MKIRASVRKICENCRLIRRRKRVMVVCSNPKHKQKQG,0,0.044310908764600754,0
Negative_247,WINDPNGPMYYNG,0,0.5720163583755493,1
Negative_248,MTPEIFYIRLKICFLPRSY,0,0.04235759377479553,0
Negative_249,MNSGAGILSLSLNRD,0,0.04380430653691292,0
Negative_250,MTLMSGEGQGKSSSVKRVPTIAATLVFFFSNSFLPASR,0,0.04384647309780121,0
Negative_251,IVEMLHWYIKTGDT,0,0.042210303246974945,0
Negative_252,MKAFTLVELIIVLSVSI,0,0.04344594478607178,0
Negative_253,MLWQLILPWVLLQKSIL,0,0.04210618883371353,0
Negative_254,MMVVAFIDEDENIEIP,0,0.04604339227080345,0
Negative_255,FEVYWNVPTLQCRAVYKMIFKLNRTYGIQXNA,0,0.04372432455420494,0
Negative_256,MLISLGWAALAATFTFSIAMVVWGRNGDGSINF,0,0.04517562314867973,0
Negative_257,MARVIWIPRFENWEY,0,0.04770611971616745,0
Negative_258,GCPRILMRCKQDSDCLAGCVCGPNGFCGSP,0,0.043894290924072266,0
Negative_259,MTTLNSLPSILCR,0,0.043501511216163635,0
Negative_260,MQVNDLGFVASILFVLVPTVFLLILYIQTASRQGGKDS,0,0.044354118406772614,0
Negative_261,METVSFRIYGNPPH,0,0.04631116986274719,0
Negative_262,MAISKALIASLLISLLVLQLVQADVENSQKKNGYAKKIDCGSACVARCRLSRRPRLCHRACGTCCYRCNCVPPGTYGNYDKCQCYASLTTHGGRRKCP,0,0.05092719942331314,0
Negative_263,MDILSISWAFLMVVFTFSLSLVVWGRSGL,0,0.04515652358531952,0
Negative_264,LSKKQCGADGQFCFLPGLGLNCCSGLCLIVCVPT,0,0.0459892563521862,0
Negative_265,METHNPSTPVSAKCLLYH,0,0.04287158325314522,0
Negative_266,MLDRLFLTFYSA,0,0.048282939940690994,0
Negative_267,KDGYLPGNEGCKY,0,0.044368814677000046,0
Negative_268,MDSFDAPDRYVSFKGIDCEGNSRRIIDRLHMHIDDPAKTNAFWERFRAKLAIAEDPLKRQADGLCLLCANIYYIADLFEEHDDEDGLAMLRQLEDECC,0,0.04496730491518974,0
Negative_269,MDNLNANSILFIFGEVILH,0,0.04476802051067352,0
Negative_270,MTLLLLLLLLLP,0,0.04291662201285362,0
Negative_271,MSSPVLRLKPATV,0,0.04359324276447296,0
Negative_272,LFGFLIPLLPHIIGAIPQVIGAIR,0,0.04550069570541382,0
Negative_273,MARRSLLNTSNDDEYRTAL,0,0.04389811307191849,0
Negative_274,KSAVTRNYSEKKNERLWFKKNYDHAGNQRRIQKWNTQLK,0,0.04555318504571915,0
Negative_275,NVKVVFDTAIKVALRPPKQ,0,0.06895343959331512,0
Negative_276,ITCPQVTQSLAPCVPYLISG,0,0.04339146241545677,0
Negative_277,MDKKMIFKELTELHDEYCKDCFIKKQFRKEFGKTYAHSFCINKCTVGEKLKQYGDVLTNH,0,0.043249573558568954,0
Negative_278,MSTGTIRSQPCTTE,0,0.044441819190979004,0
Negative_279,GFDIPEPYVWDESFRVFYDLLDDEHKGLFQG,0,0.7778432965278625,1
Negative_280,MTRKNQSKMLQQSLMTKKN,0,0.043519020080566406,0
Negative_281,MLNQNCSNSTISGPQTID,0,0.04497850313782692,0
Negative_282,MVSAFVMPFIFGFLSRA,0,0.0441434271633625,0
Negative_283,ANNDYEYAMAA,0,0.06236462667584419,0
Negative_284,MERNPNPNNLPVELNRTSLYLGLLVVFTTGILFSSYFFN,0,0.046916812658309937,0
Negative_285,AKIIGIDGLTTNSWVAVLESDKVHV,0,0.045292455703020096,0
Negative_286,SRLSKLEDHCVAFQT,0,0.04226435720920563,0
Negative_287,VKSTGRADDDLAVKTKYLPP,0,0.04463339224457741,0
Negative_288,MRQGEYRGNL,0,0.04385490342974663,0
Negative_289,ACVGDGQRCASWSGPYCCDGYYCSCRSMPYCRCRNNS,0,0.044355496764183044,0
Negative_290,EPIDLLGKVFVFSKESNVDDVKLLTPQTE,0,0.05436597391963005,0
Negative_291,IIAGNATGEVSVDQYHRYK,0,0.04617218300700188,0
Negative_292,FSSLSKEYVHGPINVFLQ,0,0.1084168329834938,0
Negative_293,ANDYNYSLAA,0,0.04758145287632942,0
Negative_294,ANNSNYRPAYALAA,0,0.08224242925643921,0
Negative_295,MNVWPHKKGSGPK,0,0.04985321685671806,0
Negative_296,MTIAFQLAVFALIATSSVLVISVPLVFASPDGWSNNKNVVFSGTSLWIGLVFLVAILNSLIS,0,0.04346146807074547,0
Negative_297,MPCSMLSRLKHISQR,0,0.04194549471139908,0
Negative_298,MSDINVIRAPLLILSILPCVGDDIEVLRRGEGLS,0,0.04482276737689972,0
Negative_299,MSGEEEATVREPLDLIRLSLDERIYVKLRSDRELRGKLHAFDQHLNMILGDVEETITTVEIDDETYEEIVRTTKRTIEFLFVRGDGVILVSPPLRTAA,0,0.04800195246934891,0
Negative_300,MCRTCHLNDLEVQVGLLL,0,0.04473143443465233,0
Negative_301,MKTSINALLEASLLCDAAE,0,0.044427644461393356,0
Negative_302,MQTKQYFILRSLVKKYGKDNVINTVNKIAKDIEIKK,0,0.04691528156399727,0
Negative_303,TSAEVPATAQGVTHALEGTQ,0,0.9446910619735718,1
Negative_304,MEAAWCRHLRAFSYSLLRQ,0,0.043296653777360916,0
Negative_305,MITKEMIDRINFLYHKSKSEGLTEEEKEEQRRLREAYVKEIKERVKRELDNLFADASHHHHHCHHHEH,0,0.04549793899059296,0
Negative_306,QQTLAGFLEFWSKKTNE,0,0.04664576053619385,0
Negative_307,MKLISFTGLALLLIVSLIDVEAQNEGACIPHGSVCTTNHAGCCSKLSCDCYRRFEKGVEKGQICWCIETGVTFSKE,0,0.04539771378040314,0
Negative_308,MTAESMLANGAFIMIGLTLLGLAWGFVIIKLQGSEE,0,0.04402076452970505,0
Negative_309,MNMFVIAAKSEGKYLYGYHPHIYSNLKQAENALKTMRKNGKLTERDKVYGLDGLMLVDL,0,0.04541954770684242,0
Negative_310,MFGRSASNFDKLL,0,0.04539809003472328,0
Negative_311,MGASGGGVRYGREAAAG,0,0.050214532762765884,0
Negative_312,AESKKGFLPVIDKKDGYTFLYPFGGQEVSI,0,0.04785865172743797,0
Negative_313,MSDPEEREEIFG,0,0.04473862797021866,0
Negative_314,MIEPILLGMVLGFVPVTIAGLLVAAWLQYKQGNPSGLGEK,0,0.04527847841382027,0
Negative_315,SLLQYIDEELLL,0,0.9463671445846558,1
Negative_316,MGRGISRAR,0,0.04554424434900284,0
Negative_317,MWQPPSARIMM,0,0.04547831043601036,0
Negative_318,MGGKTTSCDLIL,0,0.043014608323574066,0
Negative_319,KKIDTRTGKTMEKTEKKIELSLKNMKTAT,0,0.04727984219789505,0
Negative_320,MERNTNPNNLPVELNRTSLYLGLLFVFVTGVLMSSYFFN,0,0.04661453142762184,0
Negative_321,MEVNILAFVATALFILIPTAFLLILYIQTAAQNNG,0,0.04437965154647827,0
Negative_322,VVVLNVIVAIE,0,0.0428696945309639,0
Negative_323,ESWSSLXSS,0,0.05606557056307793,0
Negative_324,MSLYRIVKTSNRVLSF,0,0.04305604100227356,0
Negative_325,MDFCDIASFC,0,0.04263865575194359,0
Negative_326,MYVQFGHPGACGCQEGY,0,0.04359564557671547,0
Negative_327,MKPLQMLPIAALVGSI,0,0.042354751378297806,0
Negative_328,MVFTLVYFISPVDLKKR,0,0.04373769462108612,0
Negative_329,MATRPSASGTRSSPTPPTS,0,0.0475822314620018,0
Negative_330,MEQLKRTLGNFPLKGIFP,0,0.04478711262345314,0
Negative_331,MDAPDPEKPIEVYLNEKKVAEIVIRKAETKVTKRHL,0,0.04805693402886391,0
Negative_332,MRVHRAFSR,0,0.04902590811252594,0
Negative_333,MTDNFGERSSL,0,0.04616694152355194,0
Negative_334,MKKHSKRLKVVLYLNFKL,0,0.04293736442923546,0
Negative_335,MGKSNKKSNAT,0,0.043774135410785675,0
Negative_336,MIFTLGWASLAAIFTFSIAMVVWGRNGDGSIDL,0,0.044342782348394394,0
Negative_337,MAVKIRLARHGAKGKPFYRIVVADARSPRDGKFIDRVGTYDPRKEPSEIKVDAEKAREWLRKGAQPTDQVRNLLRISGVLEEQKG,0,0.046653762459754944,0
Negative_338,MLYIRKNKKF,0,0.044002559036016464,0
Negative_339,MTPSLANFLWSLVAGAVVLGALFGAIIFVSQRDKVRRR,0,0.04427821561694145,0
Negative_340,MAEIGLAFRFSTN,0,0.04702118784189224,0
Negative_341,MIINNNISALNANRQLNLTGNSMTK,0,0.04476239159703255,0
Negative_342,MFTLKKSLLLLLFLGTINLSLSEQERDAKEERRDEMDVEVEKRNILNTIINLAKKILGK,0,0.04376491904258728,0
Negative_343,MLLQDFLSLIFHP,0,0.04294676333665848,0
Negative_344,TQACRINSGNVPSELDLRSLRTVTPIRMQG,0,0.04715700447559357,0
Negative_345,VGDGIXLCXXIK,0,0.043048035353422165,0
Negative_346,MRRADWHFMMLKAIWA,0,0.0423985980451107,0
Negative_347,FVCDELDGRFARMFNQ,0,0.04267095774412155,0
Negative_348,GKRKVKLIFMLTA,0,0.043795015662908554,0
Negative_349,MDSSSGENAWRRVSCDQ,0,0.04778384044766426,0
Negative_350,MIYHLTEKTGRK,0,0.045589376240968704,0
Negative_351,MDILSLGWAALMASFTFSLSLVVWGRNGF,0,0.04519160836935043,0
Negative_352,MGLFGKSPEKNPKDQ,0,0.05170121416449547,0
Negative_353,YQRHWAKNHRKNHREIPK,0,0.04482579603791237,0
Negative_354,MDNLFRTLFSTFTHLRTSSTILLVGEQHWRNAL,0,0.0433708056807518,0
Negative_355,IPQDLSGKMLTFPKEEDDDDVKLMTPK,0,0.34020254015922546,0
Negative_356,ERVCCGYPMSCKSRACKPSYCC,0,0.04391484707593918,0
Negative_357,LVLPEVYDQDGHPLRIGQRYIINNP,0,0.04902595281600952,0
Negative_358,RIKEIDDF,0,0.9280375242233276,1
Negative_359,AAVEPDNKSASYE,0,0.13040727376937866,0
Negative_360,MVVAGERFLVFILLLSVMQ,0,0.04313703998923302,0
Negative_361,MLCTFGIKQAHFHLRK,0,0.046644922345876694,0
Negative_362,MPSRGCKRPPLWS,0,0.04399355873465538,0
Negative_363,MTWTRLPVLPASMMTP,0,0.045291438698768616,0
Negative_364,MPQNLGLEVLGLEQRNS,0,0.04567732661962509,0
Negative_365,MLENMIQQNLEAQNCLFT,0,0.04271171614527702,0
Negative_366,DLAAAEVPFIEG,0,0.05475664511322975,0
Negative_367,SIPCGESCVWIPCTITALAGCKCKSKVCYN,0,0.04361945390701294,0
Negative_368,MVGDEKFCRSIR,0,0.042907826602458954,0
Negative_369,MFIIKPCLLLGIPKHQ,0,0.04449630156159401,0
Negative_370,MWESMDRGDLRRPCARVH,0,0.04338778182864189,0
Negative_371,DAPASPLADIEKHAAEFQKTISEQFNSLVNSKNTQ,0,0.9501215815544128,1
Negative_372,MGEECEFCWCCQMDALGNH,0,0.04268445447087288,0
Negative_373,YMVIQGEPGAVIRLGDYLIDQGL,0,0.060441821813583374,0
Negative_374,MDPCNCNTSDMCPLRSSV,0,0.04455052688717842,0
Negative_375,MMQGRAATSGSRSKQ,0,0.04393233731389046,0
Negative_376,MSILQMPLLELWQYK,0,0.04262283444404602,0
Negative_377,MESKIEILSTINVEHSDDLYKIVDTLNRTLKRDNLMFGLALDEENKNQAVFTIYRT,0,0.045183345675468445,0
Negative_378,GLITQHEPEQSENIMSTRIPSSFSSFRISSPADDDEKTE,0,0.9478616714477539,1
Negative_379,MTFDPERKWMLFWLMSI,0,0.042367108166217804,0
Negative_380,MEFNIAFIG,0,0.043566957116127014,0
Negative_381,MFPQTNHMEWIIQLDR,0,0.043040044605731964,0
Negative_382,MIKVKLVRSLICCNPTQRATVAALGLRKVGSEKTFKDDAAIRGMINKVKHLIEVSE,0,0.043895553797483444,0
Negative_383,MSCVCTLYVDTHW,0,0.04368383809924126,0
Negative_384,MRQDIHPKYSEITVTCSCGNSFSTRSTAGKDFHIEVCSACHPFYTGKQKLLDTAGRVDKFRQRYNLKS,0,0.044713590294122696,0
Negative_385,DSDHLLACFPSMKHGASLA,0,0.055256906896829605,0
Negative_386,EAYDECLEEVQSLPLPL,0,0.04209144040942192,0
Negative_387,MANPQNHKFCCSCHPGKRS,0,0.043295565992593765,0
Negative_388,MALRILLQLL,0,0.04310610890388489,0
Negative_389,IGIAMGRQWLNNQHGI,0,0.05272383242845535,0
Negative_390,GSAFCGETCVLGTCYTPDCSCTALVCLKN,0,0.041538387537002563,0
Negative_391,MPFKLFDVSKPIPERKEHTYVKHCGDP,0,0.04310313239693642,0
Negative_392,MKILVNESWEQQRKKIQQLLSDEKTGKESMVSVKWT,0,0.04500903561711311,0
Negative_393,MESVVGPAAFSGRDRD,0,0.047923121601343155,0
Negative_394,MFLLYXXDIFW,0,0.04336444288492203,0
Negative_395,AKELLDSDGIILRNGANYYI,0,0.5580410957336426,1
Negative_396,MMLGIVASTREKMCPI,0,0.044564567506313324,0
Negative_397,MKARVEYIKLPRCYTKTYRKIEAKKNNDGTIELTLEETMQVISFKLPPALNAKLEQIAIKEKKSKSEIIRIALARYVENV,0,0.04553062468767166,0
Negative_398,MLLFPEVPLILSMLGVGI,0,0.04273397848010063,0
Negative_399,GVXMYVVKRCD,0,0.049149129539728165,0
Negative_400,MAKIPLYTARNKKNQTS,0,0.044277824461460114,0
Negative_401,TYFGPGTVETVKYH,0,0.5083519816398621,1
Negative_402,MNEETGSKVFQFIAAVA,0,0.04284864664077759,0
Negative_403,EACYPPGTFCGIKPGLCCSELCLPAVCVG,0,0.04417641460895538,0
Negative_404,MVSQNPNRQKVELNRTSLFWGLLLIFVLAILFSSYIFN,0,0.04565216228365898,0
Negative_405,MATQTVENSSRSSPRRTT,0,0.04513319954276085,0
Negative_406,MPIIDYGAVIHLVS,0,0.04252295196056366,0
Negative_407,MSGPSKSSIKNNNF,0,0.04266950488090515,0
Negative_408,MVVGSKPKTGM,0,0.05003095418214798,0
Negative_409,MSQSGLSRTCR,0,0.04252904653549194,0
Negative_410,MPRAPRCRAVRSL,0,0.043517403304576874,0
Negative_411,MLFSRLGIPEVYVTKMQS,0,0.042514290660619736,0
Negative_412,NVVVLATGGTIAGAGTNAFASQXGPLGMVVEGK,0,0.044599179178476334,0
Negative_413,TESPIPVPAPAPAAKPKPKRVSKRPASHPPYSDMIAAA,0,0.04657222703099251,0
Negative_414,MSHYVVFMKIGYAPLVI,0,0.0433768630027771,0
Negative_415,MGETASITGIGHISHSEK,0,0.044533420354127884,0
Negative_416,MSILHTSIFLLH,0,0.04335878789424896,0
Negative_417,MEYSRYVIGAQVSLEF,0,0.04158259555697441,0
Negative_418,FWGALIKGAAKLIPSVVGLFKKKQ,0,0.048927098512649536,0
Negative_419,MFIKTFFLVATITVAT,0,0.04285883530974388,0
Negative_420,MASVTFSVPKVP,0,0.045536305755376816,0
Negative_421,ALIENSAAVNQVSKS,0,0.046622153371572495,0
Negative_422,SFLTFLKSQIARPQ,0,0.3567052483558655,0
Negative_423,VLVYPGQQAEQMATFTSY,0,0.04613487794995308,0
Negative_424,MEDPPAVQKQ,0,0.05710440129041672,0
Negative_425,MMVHLTLKSHLIKEELLWHALSPSYSCRYHGR,0,0.04546459764242172,0
Negative_426,VATVQGLSGTGSLRNLGLYAERQIGMFSFTGLNK,0,0.9482362270355225,1
Negative_427,MLTSDVFCWFFR,0,0.04258544370532036,0
Negative_428,MVTNLQNFPIGEGESD,0,0.06159566342830658,0
Negative_429,MDPAGPDNDERFTYDYYRLRVVGLIVAAVL,0,0.043764855712652206,0
Negative_430,MKRTFQPKNLKRKRTHGFRARMRTQGGRAIINRRRAKGRKRLTA,0,0.044861771166324615,0
Negative_431,XELNFLFHNNYYILI,0,0.04413962736725807,0
Negative_432,MTDFNLPSIFVPLIGLFFPAIAMASLFLHVQKNKIV,0,0.043558623641729355,0
Negative_433,MAVPAPMSGHVDVCVAQIE,0,0.04447418823838234,0
Negative_434,MQNDVRYGLTKIGD,0,0.043363168835639954,0
Negative_435,MVNLACEQHINILHLQHGN,0,0.04337367042899132,0
Negative_436,MKPICYNNNNNKAFQSQTS,0,0.04716240242123604,0
Negative_437,ENFSGGCVAGYMRTPDGRCKPTFYQ,0,0.047635767608881,0
Negative_438,MKKILFSMFYSILVGEEPDSVFLKKEGKQNQVKMIWVAPSSCAKDLTISEGTGATFLFNFHSRVSYLFPRPFLRPRNMKWTNSFS,0,0.045780107378959656,0
Negative_439,MSFGSKYSDQID,0,0.043556176126003265,0
Negative_440,LKVPDLPLPESYXXALNLAXD,0,0.04312729835510254,0
Negative_441,AVCRRSVSVSVLLVLLQL,0,0.043493133038282394,0
Negative_442,MASVKVAVRVRPFNK,0,0.042996034026145935,0
Negative_443,MDDHHVWLEQRL,0,0.045346759259700775,0
